{"cameraMode":{"drawMode":0,"name":"Shaded","section":"Shading Mode"},"sceneLighting":true,"audioPlay":false,"sceneViewState":{"showFog":true,"showMaterialUpdate":false,"showSkybox":true,"showFlares":true,"showImageEffects":true,"showParticleSystems":true},"in2DMode":false,"pivot":{"x":3.36759090423584,"y":0.028556466102600099,"z":-0.06902623176574707},"rotation":{"x":0.018648670986294748,"y":0.5365193486213684,"z":0.012027893215417862,"w":-0.8436824679374695},"size":1.524745225906372,"orthographic":false}