{"cameraMode":{"drawMode":0,"name":"Shaded","section":"Shading Mode"},"sceneLighting":true,"audioPlay":false,"sceneViewState":{"showFog":true,"showMaterialUpdate":false,"showSkybox":true,"showFlares":true,"showImageEffects":true,"showParticleSystems":true},"in2DMode":false,"pivot":{"x":1.7799999713897706,"y":-0.01379239559173584,"z":-0.34174513816833498},"rotation":{"x":-0.11073371022939682,"y":0.7193081974983215,"z":-0.11770889908075333,"w":-0.6757329702377319},"size":2.36602520942688,"orthographic":false}